{"Alabama":["Alabaster","Anniston","Birmingham","Cullman","Decatur","Dothan","Fairhope","Florence","Gadsden","Gulf Shores","Guntersville","Huntsville","Jasper","Madison","Mobile","Montgomery","Opelika","Phenix City","Section","Spanish Fort","Trussville","Tuscaloosa"],"Alaska":["Anchorage","Cooper Landing","Eagle River","Fairbanks","Fox","Gakona","Girdwood","Haines","Healy","Homer","Hoonah","Juneau","Kenai","Ketchikan","Kodiak","Nenana","Palmer","Seward","Sitka","Skagway","Soldotna","Talkeetna","Valdez","Wasilla"],"Arizona":["Avondale","Bisbee","Camp Verde","Chandler","Chino Valley","Colorado City","Cottonwood","Elgin","Flagstaff","Gilbert","Glendale","Goodyear","Kingman","Lake Havasu City","Lakeside","Marana","Mesa","Peoria","Phoenix","Pine","Prescott","Prescott Valley","Queen Creek","Scottsdale","Sedona","Show Low","Sierra Vista","Skull Valley","Sonoita","Surprise","Tempe","Tombstone","Tucson","Williams","Yuma"],"Arkansas":["Amity","Bentonville","Big Flat","Bonnerdale","Eureka Springs","Fayetteville","Fort Smith","Harrison","Hot Springs ","Hot Springs National Park","Little Rock","Lowell","Mountain Home","Norfork","North Little Rock","Paragould","Paris","Rogers","Springdale","fayetteville","rogers"],"California":["Agoura Hills","Alameda","Aliso Viejo","American Canyon","Anaheim","Apple Valley","Arcadia","Arcata","Arnold","Arroyo Grande","Atascadero","Auburn","Avalon","Azusa","Bakersfield","Banning","Belmont","Benicia","Berkeley","Big Bear Lake","Bishop","Blairsden-Graeagle","Blue Lake","Boonville","Brea","Buellton","Burbank","Burlingame","Burney","Calistoga","Camarillo","Cambria","Cameron Park","Camino","Campbell","Canoga Park","Capitola","Carlsbad","Carmichael","Carpinteria","Cayucos","Ceres","Chatsworth","Chico","Chino","Chula Vista","Claremont","Clearlake","Cloverdale","Clovis","Colton","Concord","Cool","Corona","Coronado","Costa Mesa","Cotati","Covina","Crescent City","Culver City","Daly City","Danville","Davis","Diamond Springs","Dixon","Dublin","Dunsmuir","El Cajon","El Cerrito","El Dorado Hills","El Segundo","Elk Grove","Escondido","Etna","Eureka","Exeter","Fair Oaks","Fairfax","Fairfield","Fallbrook","Folsom","Fort Bragg","Fortuna","Fountain Valley","Fremont","Fresno","Fullerton","Galt","Garden Valley","Gardena","Gilroy","Glendale","Goleta","Grover Beach","Guerneville","Hacienda Heights","Half Moon Bay","Hawthorne","Hayward","Healdsburg","Hermosa Beach","Hesperia","Hollister","Holtville","Huntington Beach","Idyllwild","Imperial","Inglewood","Inyokern","Irvine","Irwindale","Jamul","Julian","June Lake","Kelseyville","Kernville","La Jolla","La Mesa","La Mirada","La Verne","Lafayette","Laguna Beach","Laguna Hills","Lake Almanor","Lake Elsinore","Lakeport","Lakewood","Lancaster","Larkspur","Lemon Grove","Lemoore","Lincoln","Livermore","Lodi","Lomita","Lompoc","Long Beach","Loomis","Los Angeles","Los Banos","Los Gatos","Madera","Magalia","Mammoth Lakes","Marina","Marina del Rey","Mariposa","Martinez","McKinleyville","Mccloud","Menifee","Mill Valley","Monrovia","Montclair","Montebello","Monterey","Moorpark","Moraga","Morgan Hill","Morro Bay","Mountain View","Murrieta","Napa","Nevada City","Newhall","Newport Beach","Norco","Novato","Oakdale","Oakhurst","Oakland","Oceanside","Ontario","Orange","Orcutt","Oroville","Oxnard","Pacific Grove","Pacifica","Palm Desert","Palmdale","Pasadena","Paso Robles","Pescadero","Petaluma","Pismo Beach","Pittsburg","Placentia","Placerville","Pleasanton","Plymouth","Pollock Pines","Pomona","Potter Valley","Princeton","Ramona","Rancho Cordova","Rancho Cucamonga","Rancho Mirage","Rancho Santa Margarita","Red Bluff","Redding","Redlands","Redondo Beach","Redwood City","Richmond","Riverside","Rocklin","Rohnert Park","Roseville","Sacramento","Sacramento ","Saint Helena","Salinas","San Bernardino","San Carlos","San Clemente","San Diego","San Dimas","San Fernando","San Francisco","San Gabriel","San Jose","San Juan Capistrano","San Leandro","San Luis Obispo","San Marcos","San Pedro","San Rafael","San Ramon","Sanger","Santa Ana","Santa Barbara","Santa Clara","Santa Clarita","Santa Cruz","Santa Margarita","Santa Maria","Santa Monica","Santa Rosa","Santee","Scotia","Scotts Valley","Sebastopol","Sherman Oaks","Signal Hill","Silverado","Solana Beach","Solvang","Sonoma","Soquel","South El Monte","South Lake Tahoe","South San Francisco","Stevenson Ranch","Stockton","Suisun City","Sunnyvale","Susanville","Taft","Tahoe City","Tecopa","Tehachapi","Temecula","Thousand Oaks","Thousand Palms","Three Rivers","Torrance","Trabuco Canyon","Tracy","Truckee","Tulare","Turlock","Tustin","Ukiah","Universal City","Upland","Vacaville","Valencia","Vallejo","Valley Center","Van Nuys","Venice","Ventura","Visalia","Vista","Walnut Creek","Watsonville","Weed","West Covina","West Sacramento","Westlake Village","Whitethorn","Whittier","Wildomar","Windsor","Winters","Woodland","Woodland Hills","Yorba Linda","Yuba City","Yucaipa","del Mar"],"null":[null],"Colorado":["Alamosa","Arvada","Aspen","Aurora","Bailey","Basalt","Bayfield","Berthoud","Boulder","Breckenridge","Brighton","Broomfield","Buena Vista","Canon City","Carbondale","Castle Rock","Cedaredge","Centennial","Central City","Colorado Springs","Cortez","Crested Butte","Crestone","Delta","Denver","Dillon","Divide","Dolores","Durango","Eagle","Eaton","Edgewater","Edwards","Englewood","Erie","Estes Park","Evergreen","Fairplay","Florence","Florissant","Fort Collins","Frederick","Frisco","Fruita","Georgetown","Glenwood Springs","Golden","Granby","Grand Junction","Grand Lake","Greeley","Greenwood Village","Gunnison","Hayden","Highlands Ranch","Idaho Springs","Johnstown","Kremmling","La Junta","Lafayette","Lake City","Lakewood","Laporte","Larkspur","Leadville","Littleton","Lone Tree","Longmont","Louisville","Loveland","Lyons","Mancos","Manitou Springs","Montrose","Monument","Nederland","Niwot","Northglenn","Ouray","Pagosa Springs","Palisade","Paonia","Parker","Peyton","Poncha Springs","Pueblo","Ridgway","Salida","Sheridan","Silverthorne","Silverton","Steamboat Springs","Sterling","Telluride","Thornton","Timnath","Trinidad","Vail","Wellington","Westminster","Wheat Ridge","Windsor","Winter Park","Woodland Park","Yuma","del Norte"],"Connecticut":["Bethel","Bloomfield","Branford","Bridgeport","Bristol","Canaan","Chester","Cromwell","Danbury","Danielson","Derby","East Hampton","East Hartford","East Haven","Ellington","Enfield","Granby","Groton","Haddam","Hamden","Hartford","Harwinton","Kent","Manchester","Mashantucket","Middlefield","Middletown","Milford","Milldale","Mistic","Monroe","Mystic","New Britain","New Hartford","New Haven","New London","New Milford","Newtown","North Stonington","Norwalk","Norwich","Oakville","Old Saybrook","Oxford","Pawcatuck","Plainville","Putnam","Redding","Ridgefield","Rocky Hill","Salem","South Glastonbury","South Windsor","Southington","Stafford Springs","Stamford","Stonington","Stratford","Suffield","Trumbull","Wallingford","Waterbury","West Haven","Westport","Wethersfield","Willimantic","Winsted","Wolcott","Woodbridge","Woodbury","Woodstock"],"Delaware":["Bear","Delmar","Dewey Beach","Dover","Georgetown","Greenville","Lewes","Middletown","Milford","Milton","Newark","Rehoboth Beach","Smyrna","Wilmington","Yorklyn"],"District of Columbia":["Washington"],"Florida":["Apalachicola","Apollo Beach","Atlantic Beach","Auburndale","Boca Raton","Bonita Springs","Boynton Beach","Bradenton","Brooksville","Cape Canaveral","Cape Coral","Casselberry","Clearwater","Clermont","Cocoa","Cocoa Beach","Coral Springs","Crystal River","Dania","Davie","Daytona Beach","Debary","Deland","Delray Beach","Destin","Doral","Dunedin","Eustis","Fernandina Beach","Fort Lauderdale","Fort Laurderdale","Fort Myers","Fort Pierce","Fort Walton Beach","Gainesville","Hialeah","Hollywood","Homestead","Indian Harbour Beach","Islamorada","Jacksonville","Jacksonville Beach","Jupiter","Key Biscayne","Key West","Kissimmee","Lake Buena Vista","Lake City","Lake Worth","Lakeland","Land O Lakes","Largo","Leesburg","Longwood","Macclenny","Madeira Beach","Melbourne","Merritt Island","Miami","Miami Beach","Milton","Mount Dora","Naples","Navarre","New Port Richey","New Smyrna Beach","Niceville","North Palm Beach","Oakland Park","Ocala","Odessa","Opa Locka","Orange Park","Orlando","Ormond Beach","Oviedo","Palm Coast","Palm Harbor","Panama City","Panama City Beach","Pensacola","Plant City","Pompano Beach","Port Orange","Port Saint Lucie","Punta Gorda","Riverview","Royal Palm Beach","Safety Harbor","Safety Harbor ","Saint Augustine","Saint Johns","Saint Petersburg","Sanford","Santa Rosa Beach","Sarasota","Sebastian","Sebring","Seminole","Spring Hill","St Pete Beach","St Petersburg","St.Augustine","Tallahassee","Tampa","Tarpon Springs","Tequesta","Titusville","Trinity","Valrico","Venice","Vero Beach","West Melbourne","West Palm Beach","Weston","Wildwood","Winter Garden","Winter Haven","Winter Park","Winter Springs","Zephyrhills"],"Georgia":["Albany","Alpharetta","Athens","Atlanta","Augusta","Blue Ridge","Braselton","Brunswick","Buford","Carrollton","Cartersville","Chamblee","Cleveland","Columbus","Cumming","Dahlonega","Dalton","Decatur","Duluth","Evans","Fairburn","Fayetteville","Gainesville","Greensboro","Hampton","Hapeville","Johns Creek","Kennesaw","Lagrange","Lawrenceville","Macon","Marietta","Newnan","Omaha","Peachtree City","Rock Spring","Rome","Roswell","Sandy Springs","Savannah","Snellville","Statesboro","Stone Mountain","Sugarhill","Suwanee","Tucker","Valdosta","West Point","Woodstock","kennesaw"],"Hawaii":["Hilo","Honolulu","Kailua","Kailua Kona","Kamuela","Kaneohe","Kihei","Kunia","Lahaina","Lihue","Mililani","Port Allen"],"Idaho":["Boise","Bonners Ferry","Buhl","Challis","Coeur D Alene","Cottonwood","Elk River","GARDEN CITY","Garden City","Hailey","Hayden","Idaho Falls","Kellogg","Ketchum","McCall","Moscow","Nampa","Pocatello","Ponderay","Post Falls","Riggins","Salmon","Sandpoint","Twin Falls","Victor","Wallace"],"Illinois":["Algonquin","Alto Pass","Alton","Assumption","Aurora","Ava","Barrington","Belleville","Berwyn","Bloomington","Blue Island","Bolingbrook","Bourbonnais","Breese","Buffalo Grove","Byron","Cantrall","Carbondale","Cary","Champaign","Channahon","Chicago","Chicago Ridge","Christopher","Cobden","Collinsville","Crete","Crystal Lake","Darien","DeKalb","Decatur","Downers Grove","Du Quoin","East Peoria","Edwardsville","Elburn","Elk Grove Village","Elmhurst","Evanston","Flossmoor","Forest Park","Freeport","Galena","Galesburg","Geneseo","Geneva","Georgetown","Glenview","Grafton","Grayslake","Gurnee","Hampshire","Herrin","Highland Park","Highwood","Hodgkins","Homewood","Huntley","Illiopolis","Itasca","Joliet","Lake Barrington","Lake Bluff","Lake Zurich","Lansing","Lemont","Lena","Libertyville","Lincolnshire","Lombard","Long Grove","Lyons","Machesney Park","Mahomet","McHenry","Metropolis","Mokena","Moline","Momence","Monmouth","Mundelein","Murphysboro","Naperville","New Lenox","Niles","Normal","North Aurora","Northbrook","O Fallon","Oak Park","Orland Park","Oswego","Ottawa","Palatine","Paris","Peoria","Petersburg","Plainfield","Quincy","Red Bud","Riverside","Rock Island","Rockford","Romeoville","Roscoe","Rosemont","Saint Charles","Savoy","Schaumburg","Schiller Park","Shorewood","South Barrington","South Beloit","Spring Grove","Springfield","Sycamore","Teutopolis","Tinley Park","Urbana","Villa Park","Warrenville","Waterloo","Wauconda","Waukegan","West Dundee","Western Springs","Westmont","Wheaton","Wheeling","Willow Springs","Willowbrook","Wilmette","Woodridge","Woodstock"],"Indiana":["Anderson","Angola","Auburn ","Aurora","Bargersville","Batesville","Bedford","Bloomfield","Bloomington","Brazil","Brookston","Carmel","Chesterton","Columbus","Corydon","Crawfordsville","Crown Point","Danville","Dyer","Elkhart","Evansville","Fairmount","Ferdinand","Fishers","Fort Wayne","Franklin","Gary","Goshen","Granger","Greencastle","Greenfield","Greenwood","Griffith","Hammond","INDIANAPOLIS","Indianapolis","Jasper","Jeffersonville","Knox","Kokomo","La Porte","Lafayette","Laotto","Lapel","Liberty","Martinsville","McCordsville","Merrillville","Michigan City","Mishawaka","Muncie","Munster","Nashville","New Albany","New Harmony","Noblesville","Oldenburg","Plainfield","Richmond","Saint John","South Bend","Terre Haute","Valparaiso","Wabash","Walkerton","Warsaw","West Lafayette","West Terre Haute","Westfield","Wheatfield","Whiteland","Whitestown","Whiting"],"Iowa":["Albia","Amana","Ames","Ankeny","Bellevue","Bettendorf","Bondurant","Boone","Burlington","Calmar","Carlisle","Carroll","Cedar Falls","Cedar Rapids","Clarion","Clear Lake","Clive","Coralville","Davenport","Decorah","Des Moines","Dubuque","Elkader","Ellsworth","Fort Dodge","Fort Madison","Glenwood","Hampton","Humboldt","Huxley","Iowa City","Kalona","Keokuk","Knoxville","Lake Mills","Le Claire","Manchester","Marshalltown","Mason City","Milford","Mount Vernon","Muscatine","Northwood","Osage","Oskaloosa","Ottumwa","Polk City","Shenandoah","Sibley","Sioux City","Spirit Lake","Waterloo","Waterloo ","West Des Moines","Winterset"],"Kansas":["Beaver","Burlington","Cheney","Dodge City","El Dorado","Emporia","Fort Scott","Hays","Holton","Humboldt","Hutchinson","Kansas City","Lawrence","Leavenworth","Lenexa","Manhattan","McPherson","Olathe","Overland Park","Pittsburg","Quinter","Salina","Shawnee","Topeka","Washington","Wichita"],"Kentucky":["Alexandria","Beaver Dam","Bellevue","Bowling Green","Cadiz","Covington","Cynthiana","Danville","Elizabethtown","Florence","Georgetown","Harrodsburg","Henderson","Hopkinsville","Lexington","Louisville","Ludlow","Newport","Paducah","Paris","Pikeville","Prestonsburg","Richmond","Somerset"],"Louisiana":["Alexandria","Amite","Arnaudville","Baton Rouge","Bossier City","Broussard","Covington","Folsom","Greenwell Springs","Hammond","Houma","Lafayette","Lake Charles","Mandeville","Marksville","Monroe","Natchitoches","New Orleans","Prairieville","Ruston","Saint Francisville","Shreveport","Thibodaux","West Monroe"],"Maine":["Amherst","Auburn","Augusta","Bangor","Bar Harbor","Bath","Belfast","Bethel","Biddeford","Blue Hill","Boothbay","Brewer","Bridgton","Brunswick","Bucksport","Camden","Caribou","Carrabassett Valley","Eliot","Ellsworth","Farmington","Fort Kent","Freeport","Fryeburg","Gardiner","Gorham","Hallowell","Harrison","Kennebunk","Kittery","Lewiston","Liberty","Limerick","Lincolnville","Lubec","Lyman","Machias","Monhegan","Monmouth","Naples","New Gloucester","Newcastle","North Haven","Norway","Orono","Peaks Island","Pittsfield","Portland","Rockland","S Portland","Saco","Scarborough","Searsmont","Sedgwick","Skowhegan","South Portland","Union","Waldoboro","Warren","Waterville","Wells","West Forks","Westbrook","Whitefield","Winterport","Winthrop","York"],"Maryland":["Adamstown","Annapolis","Baltimore","Bel Air","Berlin","Bethesda","Brookeville","Brunswick","Cambridge","Centreville","Chesapeake Beach","Columbia","Crofton","Denton","Derwood","Dowell","Dundalk","Easton","Ellicott City","Emmitsburg","Federalsburg","Frederick","Gaithersburg","Germantown","Hagerstown","Halethorpe","Hampstead","Harwood","Hunt Valley","Huntingtown","Hyattsville","Laurel","Laytonsville","Middle River","Mount Airy","Ocean City","Odenton","Owings","Oxon Hill","Parkton","Parsonsburg","Prince Frederick","Queenstown","Reisterstown","Rockville","Saint Michaels","Salisbury","Silver Spring","Stevensville","Street","Sudlersville","Upper Marlboro","Westminister","Westminster","Whaleyville","Whiteford","Williamsport"],"Massachusetts":["Abington","Acton","Amesbury","Amherst","Andover","Attleboro","Barre","Belchertown","Berkley","Beverly","Bolton","Boston","Braintree","Bridgewater","Brookline","Cambridge","Canton","Charlton","Chelsea","Chicopee","Colrain","Concord","Dalton","Dighton","Dorchester","East Brookfield","Easthampton","Edgartown","Everett","Falmouth","Fiskdale","Fitchburg","Florence","Foxboro","Framingham","Gardner","Gloucester","Great Barrington","Greenfield","Hampden","Hanover","Haverhill","Hingham","Hopkinton","Hudson","Hull","Hyannis","Ipswich","Jamaica Plain","Lowell","Ludlow","Ludlow ","Lynn","Malden","Marblehead","Marshfield","Mashpee","Maynard","Medfield","Milford","Millers Falls","Nantucket","Natick","New Bedford","New Salem","Newburyport","Newton","North Adams","North Easton","Northampton","Norton","Norwood","Oak Bluffs","Orange","Orleans","Pittsfield","Plymouth","Raynham","Roslindale","Salem","Scituate","Sheffield","Somerville","South Deerfield","South Dennis","South Hadley","Southwick","Spencer","Springfield","Still River","Stockbridge","Sturbridge","Turners Falls","Waltham","Watertown","Webster","West Boylston","West Brookfield","Westborough","Westfield","Westhampton","Westminster","Westport","Weymouth","Whately","Whitinsville","Whitman","Williamsburg","Winchester","Woburn","Worcester","Wrentham"],"Michigan":["Ada","Adrian","Alanson","Albion","Allen Park","Allendale","Alma","Alpena","Ann Arbor","Armada","Auburn Hills","Bangor","Baroda","Battle Creek","Bay City","Beaver Island","Belding","Bellaire","Benton Harbor","Beulah","Big Rapids","Birmingham","Bloomfield Hills","Boyne City","Bridgman","Brighton","Brohman","Buchanan","Burton","Cadillac","Caledonia","Calumet","Canton","Cedar","Cedar Springs","Cedarville","Charlevoix","Charlotte","Cheboygan","Chelsea","Clare","Clarkston","Clawson","Clinton Township","Commerce Township","Comstock Park","Constantine","Copper Harbor","Davison","Dearborn","Decatur","Delton","Detroit","Dewitt","Dexter","Dimondale","Dorr","Douglas","Dowagiac","Dutton","East Lansing","Elk Rapids","Escanaba","Farmington","Fennville","Fenton","Ferndale","Fife Lake","Flint","Frankenmuth","Frankfort","Fremont","Galesburg","Gaylord","Grand Haven","Grand Ledge","Grand Marais","Grand Rapids","Grand rapids","Grandville","Grass Lake","Grayling","Greenville","Grosse Pointe Park","Harbor Springs","Hart","Hastings","Hazel Park","Hemlock","Hillsdale","Holland","Holly","Houghton","Howell","Hudsonville","Ionia","Ironwood","Ishpeming","Ithaca","Jackson","Kalamazoo","Kingsford","Lake Ann","Lansing","Lapeer","Lawton","Lexington","Lincoln Park","Livonia","Lowell","Ludington","Mackinaw City","Manistee","Manistique","Marine City","Marquette","Marshall","Marysville","Mason","Mattawan","Midland","Milan","Milford","Morley","Mount Pleasant","Mt Pleasant","Munising","Muskegon","New Buffalo","New Hudson","Newaygo","Northport","Northville","Novi","Oscoda","Oxford","PAW PAW","Paradise","Paw Paw","Petoskey","Plainwell","Plymouth","Pontiac","Port Austin","Portage","Portland","Reed City","Rochester","Rockford","Royal Oak","Saginaw","Saint Clair","Saint Clair Shores","Saint Joseph","Saline","Sandusky","Saugatuck","Sault Sainte Marie","Sawyer","Shelby Charter Township","Shelby Township","South Haven","South Lyon","Sparta","Spring Lake","Springfield","Stevensville","Suttons Bay","Tawas City","Tecumseh","Three Rivers","Traverse City","Troy","Vicksburg","Warren","Washington","Waterford","Watervliet","Wayland","West Branch","Whitehall","Whitmore Lake","Williamston","Wixom","Wyandotte","Wyoming","Ypsilanti","Zeeland"],"Minnesota":["Albert Lea","Alexandria","Annandale","Anoka","Ashby","Baxter","Belle Plaine","Bemidji","Bethel","Big Lake","Blaine","Blue Earth","Brainerd","Brooklyn Ctr","Brooklyn Park","Buffalo","Burnsville","Chaska","Cold Spring","Coon Rapids","Crosby","Crosslake","Delano","Detroit Lakes","Duluth","Dundas","Eagan","Edina","Ely","Excelsior","Faribault","Fergus Falls","Fountain","Grand Marais","Grand Rapids","Hallock","Hastings","Hendricks","Hibbing","Hopkins","Hugo","Jordan","Lakeville","Lino Lakes","Little Falls","Long Lake","Luverne","Mantorville","Maple Grove","Marshall","Minneapolis","Minnetonka","Montevideo","Montgomery","Moorhead","Moose Lake","New Brighton","New London","New Prague","New Ulm","Nisswa","North Mankato","Northfield","Oakdale","Perham","Pine City","Plymouth","Prior Lake","Ranier","Reads Landing","Red Wing","Rochester","Rollingstone","Roseville","Saint Cloud","Saint Joseph","Saint Paul","Sauk Rapids","Shakopee","Spring Lake Park","Spring Park","St Louis Park","Stillwater","Two Harbors","Victoria","Waconia","Waseca","Wayzata","White Bear Lake","Willernie","Williams","Willmar","Winona","Woodbury","wayzata "],"Mississippi":["Biloxi","Greenville","Gulfport","Hattiesburg","Jackson","Kiln","Laurel","Meridian","Natchez","Ocean Springs","Starkville","Vicksburg","Water Valley","okolona"],"Missouri":["Berger","Blue Springs","Branson","Bucyrus","Cape Girardeau","Chesterfield","Columbia","Creve Coeur","Doe Run","Drexel","Ellisville","Excelsior Springs","Festus","Florissant","Hamilton","Hannibal","Hermann","Higginsville","High Ridge","Independence","Jefferson City","Kansas City","Kansas city","Kirkwood","Labadie","Lees Summit","Liberty","Maplewood","Maryland Heights","Neosho","North Kansas City","O Fallon","Park Hills","Perryville","Phillipsburg","Pontiac","Poplar Bluff","Raytown","Rolla","Saint Charles","Saint James","Saint Joseph","Saint Louis","Saint Peters","Saint Robert","Sainte Genevieve","Springfield","St. Louis","Stover","Valley Park","Washington","Wentzville","West Plains","Weston","Willard"],"Montana":["Anaconda","Belgrade","Belt","Big Sky","Bigfork","Billings","Black Eagle","Bonner","Bozeman","Butte","Clancy","Columbia Falls","Cut Bank","Deer Lodge","Dillon","Eureka","Glasgow","Glendive","Great Falls","Hamilton","Harlowton","Havre","Helena","Kalispell","Lakeside","Laurel","Lewistown","Libby","Livingston","Lolo","Malta","Miles City","Missoula","Philipsburg","Polson","Red Lodge","Sheridan","Sidney","Stevensville","White Sulphur Springs","Whitefish","Wibaux","Wolf Point"],"Nebraska":["Alliance","Atkinson","Broken Bow","Columbus","Elkhorn","Fairfield","Grand Island","Hastings","Holdrege","Imperial","Kearney","La Vista","LaVista","Lincoln","Mc Cook","Norfolk","North Platte","Ohiowa","Omaha","Ord","Papillion","Pawnee City","Plattsmouth","Scottsbluff","Seward","Springfield","Taylor","Valentine","Wayne"],"Nevada":["Boulder City","Carson City","Elko","Henderson","Incline Village","Las Vegas","Laughlin","Reno","Sparks","Tonopah","Virginia City","Wells"],"New Hampshire":["Alstead","Bethlehem","Bristol","Canterbury","Concord","Conway","Croydon","Derry","Dover","Epsom","Exeter","Hampton","Henniker","Holderness","Hooksett","Keene","Langdon","Lincoln","Littleton","Londonderry","Manchester","Marlborough","Merrimack","Nashua","New London","Newington","Newmarket","North Conway","North Hampton","North Woodstock","Northwood","Peterborough","Plymouth","Portsmouth","Richmond","Salem","Salisbury","Somersworth","Suncook","Tilton","Troy","West Ossipee","Winchester","Wolfeboro"],"New Jersey":["Asbury","Asbury Park","Atco","Atlantic City","Atlantic Highlands","Basking Ridge","Beach Haven","Belford","Belmar","Berkeley Heights","Berlin","Blairstown","Bordentown","Bradley Beach","Burlington","Butler","Cape May","Cape May Court House","Chatham","Cherry Hill","Clarksboro","Collingswood","Colts Neck","Cream Ridge","Edison","Egg Harbor Township","Ewing","Fairfield","Flemington","Forked River","Galloway","Glassboro","Hackensack","Hackettstown","Haddon Heights","Hammonton","Hillsborough","Hoboken","Hopewell","Jersey City","Keansburg","Kenilworth","Kingston","Lafayette","Lakewood","Little Egg Harbor Twp","Little Ferry","Long Branch","Long Valley","Manahawkin","Manasquan","Maple Shade","Marlton","Medford","Merchantville","Middlesex","Milford","Millville","Montclair","Morristown","Mount Holly","Neptune City","New Brunswick","Newark","Newton","North Bergen","Oaklyn","Ocean","Ocean City","Ocean View","Pennington","Pennsauken","Pitman","Point Pleasant Beach","Point Pleasant Boro","Pompton Lakes","Princeton","Rahway","Red Bank","Ridgefield Park","Rio Grande","Roselle Park","Rutherford","Seaside Heights","Shamong","Somerdale","Somers Point","South Orange","Southampton","Sparta","Tinton Falls","Toms River","Vineland","Voorhees","West Orange","Whitehouse Station","Wildwood","Williamstown","Woodbridge","Woodbury"],"New Mexico":["Albuquerque","Angel Fire","Artesia","Aztec","Bernalillo","Carlsbad","Cedar Crest","Cimarron","Corrales","Eagle Nest","El Prado","Embudo","Farmington","Grants","Las Cruces","Los Alamos","Los Ranchos de Albuquerque","Lovington","Moriarty","Mosquero","Ojo Caliente","Portales","Raton","Red River","Rio Rancho","Ruidoso Downs","Santa Fe","Silver City","Taos","Truth or Consequences"],"New York":["Accord","Akwesasne","Albany","Altamont","Amityville","Amsterdam","Arverne","Astoria","Athens","Auburn","Baldwinsville","Ballston Lake","Batavia","Bay Shore","Beacon","Binghamton","Blauvelt","Bloomfield","Bolton Landing","Brewster","Brockport","Bronx","Brooklyn","Buffalo","Burdett","Canandaigua","Canastota","Cape Vincent","Catskill","Cazenovia","Center Moriches","Centerport","Central Valley","Chase Mills","Chatham","Cheektowaga","Chemung","Cherry Valley","Chester","Chester ","Clarence","Clay","Clayton","Clifton Park","Cohoes","Cold Spring","College Point","Cooperstown","Corning","Cortland","Davenport","Delmar","Dickinson Center","Dobbs Ferry","Dryden","Dundee","Earlton","East Aurora","East Berne","East Rochester","Eldred","Elizaville","Ellicottville","Elmira","Elmsford","Endicott","Fabius","Fairport","Farmingdale","Farmington","Florida","Flushing","Fort Ann","Fort Drum","Freeport","Freeville","Friendship","Gardiner","Garnerville","Garrattsville","Geneva","Glen Cove","Glens Falls","Gloversville","Gouverneur","Greenville","Greenwich","Groton","Hamburg","Hamilton","Hammondsport","Hector","Hicksville","Highland","Hilton","Himrod","Holbrook","Holland Patent","Honeoye Falls","Hornell","Howes Cave","Hudson","Huntington","Hyde Park","Ilion","Interlaken","Ithaca","Jamestown","Jamesville","Johnson City","Keeseville","King Ferry","Kingston","Lake George","Lake Placid","Lakewood","Lansing","Lewiston","Linwood","Livingston Manor","Lockport","Lodi","Long Island City","Lowville","Mahopac","Malone","Mamaroneck","Manchester","Manlius","Marietta","Mattituck","Mayville","Mechanicville","Medina","Middleburgh","Middletown","Millerton","Montauk","Montour Falls","Moriah","Morrisville","Munnsville","Nassau","New City","New Paltz","New York","Newburgh","North Hoosick","North Syracuse","Northport","Oceanside","Old Forge","Olean","Olivebridge","Oneonta","Ossining","Oswego","Ovid","Owego","Oyster Bay","Patchogue","Pearl River","Peconic","Peekskill","Penfield","Penn Yan","Perry","Peru","Petersburg","Phelps","Phoenicia","Pine Island","Pittsford","Plattsburgh","Point Lookout","Port Crane","Port Jefferson","Port Jefferson Station","Port Jervis","Poughkeepsie","Queens","Queensbury","Red Hook","Rensselaerville","Ridgewood","Ripley","Riverhead","Rochester","Rocky Point","Rome","Roscoe","Sackets Harbor","Salem","Saranac Lake","Saratoga Springs","Saratoga Springs ","Schenectady","Schroon Lake","Seneca Falls","Shelter Island","Sherburne","South Glens Falls","Southampton","Spencerport","Staten Island","Strykersville","Syracuse","Tarrytown","Ticonderoga","Troupsburg","Troy","Trumansburg","Tuckahoe","Tupper Lake","Utica","Victor","Wappingers Falls","Warners","Warsaw","Warwick","Watertown","Watkins Glen","Wawarsing","Webster","Weedsport","West Islip","West Kill","West Park","Westfield","Westport","Westtown","White Plains","Williamsville","Wilson","Windham","Yonkers"],"North Carolina":["Aberdeen","Ahoskie","Andrews","Angier","Apex","Arden","Asheboro","Asheville","Banner Elk","Bear Creek","Beaufort","Beech Mountain","Belmont","Black Mountain","Blowing Rock","Boone","Brevard","Bryson City","Burnsville","Candler","Canton","Carolina Beach","Carrboro","Cary","Chapel Hill","Charlotte","Clayton","Clemmons","Concord","Cornelius","Corolla","Dallas","Davidson","Durham","Elizabeth City","Elkin","Fairview","Farmville","Fayetteville","Flat Rock","Fletcher","Franklin","Fuquay Varina","Gastonia","Gold Hill","Graham","Grandy","Granite Falls","Greensboro","Greenville","Hayesville","Hendersonville","Hickory","High Point","Highlands","Hillsborough","Holly Springs","Hope Mills","Huntersville","Indian Trail","Jamestown","Kernersville","Kill Devil Hills","Kinston","Lake Lure","Lansing","Lenoir","Lewisville","Lexington","Lincolnton","Maggie Valley","Manteo","Marion","Marshall","Matthews","Mebane","Mills River","Mint Hill","Monroe","Mooresville","Morehead City","Morganton","Mount Airy","Murphy","Nebo","New Bern","Newport","Ocean Isle Beach","Ocracoke","Oriental","Oxford","Pinehurst","Pineville","Pisgah Forest","Pisgah Forest ","Pittsboro","Plumtree","Raleigh","Reidsville","Rocky Mount","Roxboro","Rutherfordton","Salisbury","Sanford","Sapphire","Saxapahaw","Seagrove","Shallotte","Shelby","Smithfield","Southern Pines","Southport","Spruce Pine","Surf City","Sylva","Tarboro","Trenton","Tryon","Valdese","Wake Forest","Waxhaw","Waynesville","Weaverville","West Jefferson","Whitsett","Wilmington","Wilson","Winston Salem","Winston-Salem","Woodfin","Youngsville"],"North Dakota":["Bismarck","Bismark","Fargo","Grand Forks","Mandan","Mapleton","McKenzie","Minot","Watford City","West Fargo"],"Ohio":["Akron","Ashland","Athens","Austintown","Avon","Barberton","Beavercreek","Belle Center","Bellefontaine","Berea","Bethel","Bidwell","Bloomingdale","Blue Ash","Bolivar","Bowling Green","Brunswick","Bryan","Buckeye Lake","Cadiz","Cambridge","Canal Winchester","Canton","Carroll","Catawba Island","Celina","Centerville","Chagrin Falls","Chardon","Cincinnati","Cleveland","Cleveland Heights","Coldwater","Columbiana","Columbus","Coshocton","Cuyahoga Falls","Dayton","Defiance","Delaware","Dublin","Elyria","Fairfield","Findlay","Fresno","Gahanna","Geneva","Grand Rapids","Granville","Grove City","Hamilton","Hartville","Heath","Hicksville","Hilliard","Hinckley","Holland","Huber Heights","Hudson","Huntsville","Jackson","Kent","Lake Milton","Lakewood","Lancaster","Lisbon","Lockland","Logan","Lorain","Loveland","Madison","Maineville","Mansfield","Marengo","Maria Stein","Marietta","Marion","Marysville","Mason","Massillon","Maumee","Medina","Medway","Mentor","Miami County","Miamisburg","Middle Bass Island","Middleburg Heights","Middletown","Milford","Millersburg","Minerva","Monroe","Morrow","Mount Orab","Mount Vernon","Mount Victory","Napoleon","Nelsonville","Nevada","New Bremen","New Madison","Newark","Newbury","North Canton","North Olmsted","Oxford","Pickerington","Pomeroy","Port Clinton","Portsmouth","Powell","Put In Bay","Rayland","Rocky River","Sandusky","Sherrodsville","Solon","Springboro","Springfield","Stow","Strongsville","Sugar Grove","Sunbury","Sylvania","Tiffin","Toledo","Trenton","Upper Arlington","Vandalia","Versailles","Wadsworth","Warren","Wauseon","Waynesville","West Chester","West Chester ","Westerville","Westlake","Whitehall","Williamsburg","Willoughby","Wilmington","Wooster","Xenia","Yellow Springs","Youngstown","Zanesville","middleburg hts"],"Oklahoma":["Bartlesville","Broken Arrow","Broken Bow","Caddo","Edmond","El Reno","Krebs","Mead","Moore","Norman","Oklahoma City","Ponca City","Pryor","Stillwater","Tulsa"],"Oregon":["Albany","Alsea","Ashland","Astoria","Baker City","Bandon","Banks","Beaverton","Bend","Boardman","Boring","Brookings","Burns","Cannon Beach","Carlton","Cascade Locks","Cave Junction","Clackamas","Coos Bay","Corvallis","Dundee","Enterprise","Estacada","Eugene","Florence","Forest Grove","Gold Beach","Government Camp","Grants Pass","Gresham","Harbor","Hermiston","Hillsboro","Hood River","Independence","John Day","Klamath Falls","Lake Oswego","Lebanon","Lincoln City","McMinnville","Medford","Milton Freewater","Milwaukie","Mount Hood Parkdale","Newberg","Newport","Oakridge","Ontario","Oregon City","Pacific City","Pendleton","Philomath","Portland","Prineville","Redmond","Reedsport","Roseburg","Saint Helens","Salem","Sandy","Seal Rock","Seaside","Sherwood","Silverton","Sisters","Springfield","Sunriver","Terrebonne","The Dalles","Tigard","Tillamook","Troutdale","Tualatin","West Linn","Williams","Wilsonville","Winston","Yachats"],"Pennsylvania":["Abbottstown","Adamstown","Allentown","Altoona","Ambler","Annville","Ardmore","Aston","Bala Cynwyd","Bangor","Beaver Falls","Bedford","Bellefonte","Berlin","Berwick","Berwyn","Bethlehem","Biglerville","Bird In Hand","Bloomsburg","Boyertown","Braddock","Bradford","Breinigsville","Bridgeport","Bristol","Bryn Mawr","Buckingham","Burgettstown","Butler","Camp Hill","Canonsburg","Carbondale","Carlisle","Castle Shannon","Catasauqua","Chalfont","Chambersburg","Champion","Clarion","Clearfield","Coatesville","Collegeville","Columbia","Conneaut Lake","Conshohocken","Conyngham","Coraopolis","Croydon","Dallas","Dallastown","Danville","Delmont","Dillsburg","Douglassville","Downingtown","Doylestown","Du Bois","Duncannon","Duncansville","Duquesne","East Petersburg","Easton","Ebensburg","Edinburg","Elizabethtown","Emmaus","Enola","Ephrata","Erie","Export","Fawn Grove","GIBSONIA","Gettysburg","Gibsonia","Glen Mills","Greensburg","Greenville","Grove City","Hanover","Harleysville","Harmony","Harrisburg","Hatboro","Hatfield","Hawley","Heidelberg","Hellertown","Hermitage","Hershey","Hickory","Homestead","Honesdale","Howard","Huntingdon Valley","Indiana","Irwin","Jamestown","Kennett Square","Kutztown","Lancaster","Landenberg","Lander","Lansdale","Latrobe","Lebanon","Levittown","Lewistown","Lititz","Malvern","Manheim","Mansfield","Marietta","Mars","Mc Kees Rocks","Meadville","Mechanicsburg","Media","Mercer","Middletown","Mifflinburg","Millerstown","Millheim","Monroeville","Montrose","Morrisville","Moscow","Mount Joy","Mount Pleasant","Nazareth","New Brighton","New Castle","New Freedom","New Hope","New Kensington","New Stanton","Newfoundland","Newport","North East","North Versailles","North Wales","Oakdale","Oakmont","Oxford","Palmyra","Parkesburg","Peckville","Perkasie","Philadelphia","Phoenixville","Pipersville","Pittsburgh","Pittston","Pocono Pines","Pottstown","Pottsville","Pulaski","Quakertown","Reading","Renfrew","Rochester","Royersford","Saint Marys","Sarver","Sayre","Schwenksville","Selinsgrove","Shamokin","Sharon","Shawnee on Delaware","Slippery Rock","Smithton","Spring City","Spring Grove","Springdale","State College","Stevens","Sunbury","Swarthmore","Swiftwater","Tamaqua","Tannersville","Telford","Titusville","Tunkhannock","Uniontown","Vandergrift","Venango","Washington","West Chester","West Newton","West Reading","Wexford","Wilkes Barre","Williamsport","Wyalusing","Yardley","York","York Haven","Zelienople"],"Rhode Island":["Block Island","Cranston","East Greenwich","Exeter","Middletown","Newport","Pawtucket","Portsmouth ","Providence","Wakefield","Warwick","West Kingston","Westerly","Woonsocket"],"South Carolina":["Aiken","Anderson","Bluffton","Boiling Springs","Cayce","Charleston","Columbia","Florence","Fort Mill","Greenville","Greenwood","Greer","Hilton Head Island","Indian Land","Johns Island","Lancaster","Lexington","Mount Pleasant","Myrtle Beach","North Augusta","North Charleston","Pawleys Island","Ridgeland","Rock Hill","Salem","Simpsonville","Spartanburg","Summerville","Taylors","Travelers Rest"],"South Dakota":["Aberdeen","Brandon","Brookings","Custer","Hartford","Hill City","Hot Springs","Humboldt","Lead","Piedmont","Rapid City","Sioux Falls","Spearfish","Sturgis","Watertown"],"Tennessee":["Alcoa","Bristol","Chattanooga","Christiana","Clarksville","Collierville","Columbia","Cookeville","Cordova","Cottontown","Dayton","Franklin","Gatlinburg","Hendersonville","Hermitage","Johnson City","Jonesborough","Kingsport","Knoxville","Lancing","Manchester","Maryville","Memphis","Murfreesboro","Nashville","Nolensville","Norris","Paris","Pigeon Forge","Red Bank","Rossville","Smithville","Sparta","Spring Hill","Townsend","Tullahoma"],"Texas":["Abilene","Addison","Adkins","Allen","Alpine","Alvin","Amarillo","Aound Rock","Aransas Pass","Arlington","Athens","Austin","Bandera","Bedford","Bellville","Bertram","Big Spring","Blanco","Boerne","Brenham","Brookshire","Bryan","Buda","Bulverde","Canutillo","Canyon Lake","Cedar Park","Cisco","College Station","Conroe","Corpus Christi","Cypress","Dallas","Denison","Denton","Dickinson","Driftwood","Dripping Springs","El Paso","Eola","Farmers Branch","Fort Worth","Fredericksburg","Frisco","Fulshear","Galveston","Garland","Georgetown","Goliad","Granbury","Granger","Grapevine","Greenville","Houston","Humble","Irving","Johnson City","Justin","Katy","Keller","Kerrville","Leander","Lewisville","Liberty Hill","Lockhart","Longview","Lovelady","Lubbock","Lufkin","Magnolia","Mansfield","Marathon","Marble Falls","Mathis","McKinney","Mcallen","Midland","Midlothian","Mission","Missouri City","Montgomery","Nacogdoches","New Braunfels","Odessa","Pasadena","Pearland","Pharr","Pittsburg","Plano","Port Lavaca","Port Neches","Porter","Richardson","Richmond","Rio Grande City","Roanoke","Rockwall","Round Rock","Rowena","Rowlett","Royse City","Salado","San Angelo","San Antonio","San Marcos","San Saba","Seguin","Seven Points","Sherman","Shiner","South Padre Island","Spicewood","Spring Branch","Sulphur Springs","Taylor","Temple","The Woodlands","Tomball","Tyler","Waco","Washington","Waxahachie","Webster","Weslaco","Wichita Falls","Wimberley","Winnsboro","Wylie","del Valle"],"Utah":["Cedar City","Helper","Layton","Midvale","Moab","Ogden","Park City","Saint George","Salt Lake City","Sandy","Springdale","Springville","Tooele","Vernal","salt lake city"],"Vermont":["Arlington","Barre","Bennington","Brandon","Brattleboro","Bridgewater Corners","Bristol","Burlington","Chelsea","Danville","Essex Junction","Greensboro Bend","Hinesburg","Hyde Park","Jacksonville","Jeffersonville","Marlboro","Middlebury","Morrisville","Newport","Northfield","Norwich","Proctorsville","Randolph","Richmond","Rutland","Saint Albans","Saint Albans City","Saint Johnsbury","Shelburne","South Burlington","Springfield","Stowe","Warren","Waterbury","Waterbury Center","West Burke","Westford","Weston","White River Junction","Williston","Windsor","Winooski"],"Virginia":["Abingdon","Afton","Aldie","Alexandria","Amherst","Appomattox","Arlington","Arrington","Ashburn","Ashland","Axton","Bedford","Blacksburg","Bluemont","Boones Mill","Brandy Station","Bristol","Broad Run","Brookneal","Callaway","Cape Charles","Centreville","Chantilly","Charlottesville","Chesapeake","Chincoteague","Clifton Forge","Crozet","Culpeper","Daleville","Damascus","Danville","Delaplane","Dulles","Edinburg","Elkton","Fairfax","Fairlawn","Falls Church","Floyd","Forest","Fort Monroe","Fredericksburg","Front Royal","Gainesville","Galax","Glen Allen","Gloucester","Goochland","Goodview","Hampton","Hardy","Harrisonburg","Henrico ","Herndon","King George","Lake Ridge","Lansdowne","Lebanon","Leesburg","Lexington","Lorton","Louisa","Lovingston","Luray","Madison","Manassas","Manquin","Marion","Mc Lean","Middleburg","Middletown","Midlothian","Mineral","Montross","Narrows","Natural Bridge","Nellysford","Newport News","Nokesville","Norfolk","Petersburg","Poquoson","Portsmouth","Powhatan","Purcellville","Radford","Reston","Richmond","Roanoke","Rockville","Roseland","Round Hill","Saint Paul","Salem","Scottsville","Smithfield","Sperryville","Spotsylvania","Stafford","Staunton","Sterling","Strasburg","Suffolk","Troutville","Vienna","Vinton","Virginia Beach","Warrenton","Waynesboro","Williamsburg","Winchester","Woodbridge","Woodstock"],"Washington":["Aberdeen","Airway Heights","Anacortes","Arlington","Auburn","Battle Ground","Belfair","Bellevue","Bellingham","Black Diamond","Blaine","Bothell","Bow","Bremerton","Buckley","Burien","Burlington","Camas","Carson","Cashmere","Castle Rock","Cathlamet","Centralia","Chehalis","Chelan","Chewelah","Clarkston","Cle Elum","Clinton","Colville","Concrete","Cowiche","Darrington","Dayton","Deming","Dupont","Duvall","Eastsound","Edmonds","Ellensburg","Enumclaw","Everett","Fox Island","Friday Harbor","Gig Harbor","Goldendale","Graham","Hoquiam","Issaquah","Kenmore","Kennewick","Kent","Kettle Falls","Kingston","Kirkland","La Conner","Lacey","Lake Stevens","Lakewood","Langley","Leavenworth","Liberty Lake","Longview","Lopez Island","Lynnwood","Manson","Marysville","Mead","Mill Creek","Monroe","Moses Lake","Mount Vernon","Mountlake Terrace","Mukilteo","Naches","Newport","Oak Harbor","Odessa","Olympia","Oroville","Pacific","Port Angeles","Port Orchard","Port Townsend","Poulsbo","Prosser","Pullman","Puyallup","Quilcene","Raymond","Redmond","Renton","Republic","Richland","Ridgefield","Roslyn","Ruston","Sammamish","Seattle","Seaview","Sequim","Shelton","Shoreline","Silverdale","Snohomish","Snoqualmie","Snoqualmie Pass","Spokane","Spokane Valley","Stanwood","Stevenson","Sultan","Sumner","Sunnyside","Tacoma","Tenino","Toppenish","Tukwila","Tumwater","Vancouver","Vashon","Waitsburg","Walla Walla","Washougal","Wenatchee","Westport","White Salmon","Winthrop","Woodinville","Yakima","Yarrow Point","Yelm","index"],"West Virginia":["Beckley","Berkeley Springs","Bruceton Mills","Charles Town","Charleston","Cool Ridge","Davis","Elkins","Fayetteville","Hillsboro","Huntington","Maxwelton","Morgantown","Parkersburg","Princeton","Rippon","Rivesville","Shepherdstown","Snowshoe","Summersville","Thomas","Westover","Wheeling"],"Wisconsin":["Algoma","Altoona","Amherst","Appleton","Arena","Ashland","Athens","Baileys Harbor","Belleville","Black River Falls","Bloomer","Brookfield","Cedarburg","Chilton","Chippewa Falls","Clear Lake","Columbus","Cornell","Cross Plains","Dallas","Darlington","Delafield","Eagle River","East Troy","Eau Claire","Egg Harbor","Elkhart Lake","Fall Creek","Fitchburg","Fort Atkinson","Fountain City","Glendale","Grafton","Green Bay","Greendale","Hartland","Hayward","Hillsboro","Hudson","Janesville","Kenosha","Kenosha ","La Crosse","Lake Geneva","Lake Mills","Luxemburg","Madison","Madison ","Manitowish Waters","Manitowoc","Marinette","Marion","Marshfield","Menasha","Menomonie","Mequon","Merrill","Middleton","Milwaukee","Mineral Point","Minocqua","Monroe","Mount Horeb","Mukwonago","Neenah","New Glarus","New Richmond","Oak Creek","Oconomowoc","Onalaska","Oshkosh","Osseo","Plover","Plum City","Plymouth","Port Washington","Potosi","Racine","Reedsburg","Rhinelander","Rice Lake","Richland Center","Ripon","River Falls","Roberts","Rosholt","Saint Croix Falls","Saint Francis","Sauk City","Sheboygan","Soldiers Grove","Somerset","Sparta","Stevens Point","Stoughton","Sturgeon Bay","Superior","Verona","Washburn","Waterloo","Waukesha","Waunakee","Wausau","West Allis","West Bend","Whitehall","Whitewater","Wilson","Wisconsin Dells","Woodruff","de Pere"],"Wyoming":["Alpine","Buffalo","Casper","Cheyenne","Cody","Douglas","Evanston","Gillette","Glenrock","Jackson","Jackson Hole","Lander","Laramie","Pinedale","Powell","Riverton","Rock Springs","Saratoga","Sheridan","Ten Sleep","Thermopolis"],"FL San":["San Jose"]}